-- MySQL Workbench Forward Engineering

SET @OLD_UNIQUE_CHECKS=@@UNIQUE_CHECKS, UNIQUE_CHECKS=0;
SET @OLD_FOREIGN_KEY_CHECKS=@@FOREIGN_KEY_CHECKS, FOREIGN_KEY_CHECKS=0;
SET @OLD_SQL_MODE=@@SQL_MODE, SQL_MODE='ONLY_FULL_GROUP_BY,STRICT_TRANS_TABLES,NO_ZERO_IN_DATE,NO_ZERO_DATE,ERROR_FOR_DIVISION_BY_ZERO,NO_ENGINE_SUBSTITUTION';

-- -----------------------------------------------------
-- Schema Project2022_GenomicBD
-- -----------------------------------------------------
DROP SCHEMA IF EXISTS `Project2022_GenomicBD` ;

-- -----------------------------------------------------
-- Schema Project2022_GenomicBD
-- -----------------------------------------------------
CREATE SCHEMA IF NOT EXISTS `Project2022_GenomicBD` DEFAULT CHARACTER SET utf8 ;
USE `Project2022_GenomicBD` ;

-- -----------------------------------------------------
-- Table `Project2022_GenomicBD`.`Organism`
-- -----------------------------------------------------
DROP TABLE IF EXISTS `Project2022_GenomicBD`.`Organism` ;

CREATE TABLE IF NOT EXISTS `Project2022_GenomicBD`.`Organism` (
  `idOrganism` INT NOT NULL AUTO_INCREMENT,
  `Common name` VARCHAR(45) NULL,
  `Family` VARCHAR(45) NULL,
  `Spieces` VARCHAR(65) NOT NULL,
  PRIMARY KEY (`idOrganism`),
  UNIQUE INDEX `idOrganism_UNIQUE` (`idOrganism` ASC) VISIBLE)
ENGINE = InnoDB
AUTO_INCREMENT = 1;


-- -----------------------------------------------------
-- Table `Project2022_GenomicBD`.`Genome`
-- -----------------------------------------------------
DROP TABLE IF EXISTS `Project2022_GenomicBD`.`Genome` ;

CREATE TABLE IF NOT EXISTS `Project2022_GenomicBD`.`Genome` (
  `idGenome` INT NOT NULL AUTO_INCREMENT,
  `Name` VARCHAR(45) NOT NULL DEFAULT 'Unnamed',
  `Assembly` VARCHAR(45) NOT NULL,
  `Release_date` DATE NULL,
  `Release number` INT NOT NULL DEFAULT -1,
  `Organism_idOrganism` INT NOT NULL,
  PRIMARY KEY (`idGenome`),
  UNIQUE INDEX `idGenoma_UNIQUE` (`idGenome` ASC) VISIBLE,
  INDEX `fk_Genome_Organism_idx` (`Organism_idOrganism` ASC) VISIBLE,
  CONSTRAINT `fk_Genome_Organism`
    FOREIGN KEY (`Organism_idOrganism`)
    REFERENCES `Project2022_GenomicBD`.`Organism` (`idOrganism`)
    ON DELETE NO ACTION
    ON UPDATE NO ACTION)
ENGINE = InnoDB
AUTO_INCREMENT = 1;


-- -----------------------------------------------------
-- Table `Project2022_GenomicBD`.`Gene`
-- -----------------------------------------------------
DROP TABLE IF EXISTS `Project2022_GenomicBD`.`Gene` ;

CREATE TABLE IF NOT EXISTS `Project2022_GenomicBD`.`Gene` (
  `idGene` INT NOT NULL,
  `Location_start` INT NOT NULL DEFAULT -1,
  `Location_end` INT NOT NULL DEFAULT -1,
  `Description` VARCHAR(200) NULL DEFAULT 'Unkown',
  `Name` VARCHAR(45) NULL DEFAULT 'Unkown',
  PRIMARY KEY (`idGene`),
  UNIQUE INDEX `idGene_UNIQUE` (`idGene` ASC) VISIBLE)
ENGINE = InnoDB
AUTO_INCREMENT = 1;


-- -----------------------------------------------------
-- Table `Project2022_GenomicBD`.`Book`
-- -----------------------------------------------------
DROP TABLE IF EXISTS `Project2022_GenomicBD`.`Book` ;

CREATE TABLE IF NOT EXISTS `Project2022_GenomicBD`.`Book` (
  `idBook` INT NOT NULL AUTO_INCREMENT,
  `TItle` VARCHAR(45) NOT NULL DEFAULT 'Untitled',
  `Author` VARCHAR(250) NOT NULL DEFAULT 'Anonymus',
  `Description` VARCHAR(200) NULL,
  PRIMARY KEY (`idBook`))
ENGINE = InnoDB
AUTO_INCREMENT = 1;


-- -----------------------------------------------------
-- Table `Project2022_GenomicBD`.`Bookshelf`
-- -----------------------------------------------------
DROP TABLE IF EXISTS `Project2022_GenomicBD`.`Bookshelf` ;

CREATE TABLE IF NOT EXISTS `Project2022_GenomicBD`.`Bookshelf` (
  `Genome_idGenome` INT NOT NULL,
  `Book_idBook` INT NOT NULL,
  PRIMARY KEY (`Genome_idGenome`, `Book_idBook`),
  INDEX `fk_Bookshelf_Book1_idx` (`Book_idBook` ASC) VISIBLE)
ENGINE = BLACKHOLE
COMMENT = 'B';


-- -----------------------------------------------------
-- Table `Project2022_GenomicBD`.`Chromosome`
-- -----------------------------------------------------
DROP TABLE IF EXISTS `Project2022_GenomicBD`.`Chromosome` ;

CREATE TABLE IF NOT EXISTS `Project2022_GenomicBD`.`Chromosome` (
  `Gene_idGene` INT NOT NULL,
  `ChromosomeNum` INT NOT NULL,
  `Genome_idGenome` INT NOT NULL,
  PRIMARY KEY (`Gene_idGene`, `Genome_idGenome`),
  INDEX `fk_Genome_has_Gene_Gene1_idx` (`Gene_idGene` ASC) VISIBLE,
  INDEX `fk_Chromosome_Genome1_idx` (`Genome_idGenome` ASC) VISIBLE,
  CONSTRAINT `fk_Genome_has_Gene_Gene1`
    FOREIGN KEY (`Gene_idGene`)
    REFERENCES `Project2022_GenomicBD`.`Gene` (`idGene`)
    ON DELETE NO ACTION
    ON UPDATE NO ACTION,
  CONSTRAINT `fk_Chromosome_Genome1`
    FOREIGN KEY (`Genome_idGenome`)
    REFERENCES `Project2022_GenomicBD`.`Genome` (`idGenome`)
    ON DELETE NO ACTION
    ON UPDATE NO ACTION)
ENGINE = InnoDB;


-- -----------------------------------------------------
-- Table `Project2022_GenomicBD`.`Protein`
-- -----------------------------------------------------
DROP TABLE IF EXISTS `Project2022_GenomicBD`.`Protein` ;

CREATE TABLE IF NOT EXISTS `Project2022_GenomicBD`.`Protein` (
  `idProtein` INT NOT NULL AUTO_INCREMENT,
  `Name` VARCHAR(45) NOT NULL DEFAULT 'Unknown',
  `Function` VARCHAR(200) NULL DEFAULT 'Unknown',
  `Transcript` LONGTEXT NULL,
  `Proteincol` VARCHAR(45) NULL DEFAULT 'Unknown',
  `Gene_idGene` INT NOT NULL,
  PRIMARY KEY (`idProtein`, `Gene_idGene`),
  INDEX `fk_Protein_Gene1_idx` (`Gene_idGene` ASC) VISIBLE,
  CONSTRAINT `fk_Protein_Gene1`
    FOREIGN KEY (`Gene_idGene`)
    REFERENCES `Project2022_GenomicBD`.`Gene` (`idGene`)
    ON DELETE NO ACTION
    ON UPDATE NO ACTION)
ENGINE = InnoDB
AUTO_INCREMENT = 1;


-- -----------------------------------------------------
-- Table `Project2022_GenomicBD`.`Sequence`
-- -----------------------------------------------------
DROP TABLE IF EXISTS `Project2022_GenomicBD`.`Sequence` ;

CREATE TABLE IF NOT EXISTS `Project2022_GenomicBD`.`Sequence` (
  `RefSeq` INT NOT NULL,
  `Sequence` LONGTEXT NOT NULL,
  `Type` VARCHAR(45) NULL DEFAULT 'Unknown',
  `Size` INT NULL DEFAULT -1,
  `Anomaly` VARCHAR(200) NULL DEFAULT 'Unknown',
  `Gene_idGene` INT NOT NULL,
  `Protein_idProtein` INT NOT NULL,
  PRIMARY KEY (`RefSeq`, `Gene_idGene`, `Protein_idProtein`),
  UNIQUE INDEX `RefSeq_UNIQUE` (`RefSeq` ASC) VISIBLE,
  INDEX `fk_Sequence_Gene1_idx` (`Gene_idGene` ASC) VISIBLE,
  INDEX `fk_Sequence_Protein1_idx` (`Protein_idProtein` ASC) VISIBLE,
  CONSTRAINT `fk_Sequence_Gene1`
    FOREIGN KEY (`Gene_idGene`)
    REFERENCES `Project2022_GenomicBD`.`Gene` (`idGene`)
    ON DELETE NO ACTION
    ON UPDATE NO ACTION,
  CONSTRAINT `fk_Sequence_Protein1`
    FOREIGN KEY (`Protein_idProtein`)
    REFERENCES `Project2022_GenomicBD`.`Protein` (`idProtein`)
    ON DELETE NO ACTION
    ON UPDATE NO ACTION)
ENGINE = InnoDB
AUTO_INCREMENT = 1;


SET SQL_MODE=@OLD_SQL_MODE;
SET FOREIGN_KEY_CHECKS=@OLD_FOREIGN_KEY_CHECKS;
SET UNIQUE_CHECKS=@OLD_UNIQUE_CHECKS;

-- -----------------------------------------------------
-- Data for table `Project2022_GenomicBD`.`Organism`
-- -----------------------------------------------------
START TRANSACTION;
USE `Project2022_GenomicBD`;
INSERT INTO `Project2022_GenomicBD`.`Organism` (`idOrganism`, `Common name`, `Family`, `Spieces`) VALUES (1, 'human', 'Homininae', 'Homo sapiens');
INSERT INTO `Project2022_GenomicBD`.`Organism` (`idOrganism`, `Common name`, `Family`, `Spieces`) VALUES (2, 'mouse', 'Murinae', 'Mus musculus');
INSERT INTO `Project2022_GenomicBD`.`Organism` (`idOrganism`, `Common name`, `Family`, `Spieces`) VALUES (3, 'dog', 'Laurasiatheria', 'Canis lupus');
INSERT INTO `Project2022_GenomicBD`.`Organism` (`idOrganism`, `Common name`, `Family`, `Spieces`) VALUES (4, 'cattle', 'Bovidae', 'Bos taurus');
INSERT INTO `Project2022_GenomicBD`.`Organism` (`idOrganism`, `Common name`, `Family`, `Spieces`) VALUES (5, 'sheep', 'Bovidae', 'Ovis aries');
INSERT INTO `Project2022_GenomicBD`.`Organism` (`idOrganism`, `Common name`, `Family`, `Spieces`) VALUES (6, 'fruit fly', 'Diptera', 'Drosophila melanogaster');
INSERT INTO `Project2022_GenomicBD`.`Organism` (`idOrganism`, `Common name`, `Family`, `Spieces`) VALUES (7, 'nematode', 'Ecdysozoa', 'Caenorhabditis');
INSERT INTO `Project2022_GenomicBD`.`Organism` (`idOrganism`, `Common name`, `Family`, `Spieces`) VALUES (8, 'arabidopsis', 'rosids', 'Arabidopsis thaliana');
INSERT INTO `Project2022_GenomicBD`.`Organism` (`idOrganism`, `Common name`, `Family`, `Spieces`) VALUES (9, 'zebrafish', 'Euteleostomi', 'Danio rerio');
INSERT INTO `Project2022_GenomicBD`.`Organism` (`idOrganism`, `Common name`, `Family`, `Spieces`) VALUES (10, 'rice', 'Poaceae', 'Oryza sativa');

COMMIT;


-- -----------------------------------------------------
-- Data for table `Project2022_GenomicBD`.`Genome`
-- -----------------------------------------------------
START TRANSACTION;
USE `Project2022_GenomicBD`;
INSERT INTO `Project2022_GenomicBD`.`Genome` (`idGenome`, `Name`, `Assembly`, `Release_date`, `Release number`, `Organism_idOrganism`) VALUES (1, 'Homo sapiens', 'GRCh38.p14', '2021-11-22', 109, 1);
INSERT INTO `Project2022_GenomicBD`.`Genome` (`idGenome`, `Name`, `Assembly`, `Release_date`, `Release number`, `Organism_idOrganism`) VALUES (2, 'Mus musculus', 'GRCm39', '2020-09-22', 109, 2);
INSERT INTO `Project2022_GenomicBD`.`Genome` (`idGenome`, `Name`, `Assembly`, `Release_date`, `Release number`, `Organism_idOrganism`) VALUES (3, 'Canis lupus', 'ROS_Cfam_1.0', '2021-01-08', 106, 3);
INSERT INTO `Project2022_GenomicBD`.`Genome` (`idGenome`, `Name`, `Assembly`, `Release_date`, `Release number`, `Organism_idOrganism`) VALUES (4, 'Bos taurus', 'ARS-UCD1.2', '2018-05-11', 106, 4);
INSERT INTO `Project2022_GenomicBD`.`Genome` (`idGenome`, `Name`, `Assembly`, `Release_date`, `Release number`, `Organism_idOrganism`) VALUES (5, 'Ovis aries', 'ARS-UI_Ramb_v2.0', '2021-06-03', 104, 5);
INSERT INTO `Project2022_GenomicBD`.`Genome` (`idGenome`, `Name`, `Assembly`, `Release_date`, `Release number`, `Organism_idOrganism`) VALUES (6, 'Drosophila melanogaster', 'RELEASE 6 plus ISO1 MT', '2014-08-08', DEFAULT, 6);
INSERT INTO `Project2022_GenomicBD`.`Genome` (`idGenome`, `Name`, `Assembly`, `Release_date`, `Release number`, `Organism_idOrganism`) VALUES (7, 'Caenorhabditis', 'WBcel235', '2013-03-04', DEFAULT, 7);
INSERT INTO `Project2022_GenomicBD`.`Genome` (`idGenome`, `Name`, `Assembly`, `Release_date`, `Release number`, `Organism_idOrganism`) VALUES (8, 'Arabidopsis thaliana', 'TAIR10.1', '2018-06-04', DEFAULT, 8);
INSERT INTO `Project2022_GenomicBD`.`Genome` (`idGenome`, `Name`, `Assembly`, `Release_date`, `Release number`, `Organism_idOrganism`) VALUES (9, 'Danio rerio', 'GRCz11', '2017-06-26', 106, 9);
INSERT INTO `Project2022_GenomicBD`.`Genome` (`idGenome`, `Name`, `Assembly`, `Release_date`, `Release number`, `Organism_idOrganism`) VALUES (10, 'Oryza sativa', 'IRGSP-1.0', '2018-08-07', 102, 10);

COMMIT;


-- -----------------------------------------------------
-- Data for table `Project2022_GenomicBD`.`Gene`
-- -----------------------------------------------------
START TRANSACTION;
USE `Project2022_GenomicBD`;
INSERT INTO `Project2022_GenomicBD`.`Gene` (`idGene`, `Location_start`, `Location_end`, `Description`, `Name`) VALUES (1, 7666514, 7689397, NULL, 'TP53');
INSERT INTO `Project2022_GenomicBD`.`Gene` (`idGene`, `Location_start`, `Location_end`, `Description`, `Name`) VALUES (2, 44806874, 45125684, NULL, 'Runx2');
INSERT INTO `Project2022_GenomicBD`.`Gene` (`idGene`, `Location_start`, `Location_end`, `Description`, `Name`) VALUES (DEFAULT, DEFAULT, DEFAULT, NULL, NULL);
INSERT INTO `Project2022_GenomicBD`.`Gene` (`idGene`, `Location_start`, `Location_end`, `Description`, `Name`) VALUES (DEFAULT, DEFAULT, DEFAULT, NULL, NULL);
INSERT INTO `Project2022_GenomicBD`.`Gene` (`idGene`, `Location_start`, `Location_end`, `Description`, `Name`) VALUES (DEFAULT, DEFAULT, DEFAULT, NULL, NULL);
INSERT INTO `Project2022_GenomicBD`.`Gene` (`idGene`, `Location_start`, `Location_end`, `Description`, `Name`) VALUES (DEFAULT, DEFAULT, DEFAULT, NULL, NULL);
INSERT INTO `Project2022_GenomicBD`.`Gene` (`idGene`, `Location_start`, `Location_end`, `Description`, `Name`) VALUES (DEFAULT, DEFAULT, DEFAULT, NULL, NULL);
INSERT INTO `Project2022_GenomicBD`.`Gene` (`idGene`, `Location_start`, `Location_end`, `Description`, `Name`) VALUES (DEFAULT, DEFAULT, DEFAULT, NULL, NULL);
INSERT INTO `Project2022_GenomicBD`.`Gene` (`idGene`, `Location_start`, `Location_end`, `Description`, `Name`) VALUES (DEFAULT, DEFAULT, DEFAULT, NULL, NULL);
INSERT INTO `Project2022_GenomicBD`.`Gene` (`idGene`, `Location_start`, `Location_end`, `Description`, `Name`) VALUES (DEFAULT, DEFAULT, DEFAULT, NULL, NULL);

COMMIT;


-- -----------------------------------------------------
-- Data for table `Project2022_GenomicBD`.`Chromosome`
-- -----------------------------------------------------
START TRANSACTION;
USE `Project2022_GenomicBD`;
INSERT INTO `Project2022_GenomicBD`.`Chromosome` (`Gene_idGene`, `ChromosomeNum`, `Genome_idGenome`) VALUES (1, 17, 1);
INSERT INTO `Project2022_GenomicBD`.`Chromosome` (`Gene_idGene`, `ChromosomeNum`, `Genome_idGenome`) VALUES (2, 17, 2);
INSERT INTO `Project2022_GenomicBD`.`Chromosome` (`Gene_idGene`, `ChromosomeNum`, `Genome_idGenome`) VALUES (DEFAULT, DEFAULT, DEFAULT);
INSERT INTO `Project2022_GenomicBD`.`Chromosome` (`Gene_idGene`, `ChromosomeNum`, `Genome_idGenome`) VALUES (DEFAULT, DEFAULT, DEFAULT);
INSERT INTO `Project2022_GenomicBD`.`Chromosome` (`Gene_idGene`, `ChromosomeNum`, `Genome_idGenome`) VALUES (DEFAULT, DEFAULT, DEFAULT);
INSERT INTO `Project2022_GenomicBD`.`Chromosome` (`Gene_idGene`, `ChromosomeNum`, `Genome_idGenome`) VALUES (DEFAULT, DEFAULT, DEFAULT);
INSERT INTO `Project2022_GenomicBD`.`Chromosome` (`Gene_idGene`, `ChromosomeNum`, `Genome_idGenome`) VALUES (DEFAULT, DEFAULT, DEFAULT);
INSERT INTO `Project2022_GenomicBD`.`Chromosome` (`Gene_idGene`, `ChromosomeNum`, `Genome_idGenome`) VALUES (DEFAULT, DEFAULT, DEFAULT);
INSERT INTO `Project2022_GenomicBD`.`Chromosome` (`Gene_idGene`, `ChromosomeNum`, `Genome_idGenome`) VALUES (DEFAULT, DEFAULT, DEFAULT);
INSERT INTO `Project2022_GenomicBD`.`Chromosome` (`Gene_idGene`, `ChromosomeNum`, `Genome_idGenome`) VALUES (DEFAULT, DEFAULT, DEFAULT);
INSERT INTO `Project2022_GenomicBD`.`Chromosome` (`Gene_idGene`, `ChromosomeNum`, `Genome_idGenome`) VALUES (, DEFAULT, DEFAULT);

COMMIT;


-- -----------------------------------------------------
-- Data for table `Project2022_GenomicBD`.`Protein`
-- -----------------------------------------------------
START TRANSACTION;
USE `Project2022_GenomicBD`;
INSERT INTO `Project2022_GenomicBD`.`Protein` (`idProtein`, `Name`, `Function`, `Transcript`, `Proteincol`, `Gene_idGene`) VALUES (1, DEFAULT, NULL, NULL, NULL, 1);
INSERT INTO `Project2022_GenomicBD`.`Protein` (`idProtein`, `Name`, `Function`, `Transcript`, `Proteincol`, `Gene_idGene`) VALUES (2, DEFAULT, NULL, NULL, NULL, 2);

COMMIT;


-- -----------------------------------------------------
-- Data for table `Project2022_GenomicBD`.`Sequence`
-- -----------------------------------------------------
START TRANSACTION;
USE `Project2022_GenomicBD`;
INSERT INTO `Project2022_GenomicBD`.`Sequence` (`RefSeq`, `Sequence`, `Type`, `Size`, `Anomaly`, `Gene_idGene`, `Protein_idProtein`) VALUES (1, 'AACGGGGCAGGGAGCTGACCACCCCCGAGATTTTCACTGTAAAACAGTCCAGTTTTCTAGGAGA', 'ADN', 22883, NULL, 1, 1);
INSERT INTO `Project2022_GenomicBD`.`Sequence` (`RefSeq`, `Sequence`, `Type`, `Size`, `Anomaly`, `Gene_idGene`, `Protein_idProtein`) VALUES (2, 'CACCAGGGATTGACTTCAGAGCCTTCTACCTAGTAGGCAAGCACTCTGCCCACTGAGTCGCATCCTTGGG\nATGGATCTCTGTCCTGCTCAAATGTGCCTCTTGAATCCCCAATAACCAGCTTCACCCACCCTATCAAACC\nACCATGCTCCCTCCTTCTCTGAGTCCATCCTTAACTTTCAGTAACTCTCACACAGCCTGGTGCCCATGTC\nTCCTCCTGACAATCCAGAGGGGAAGGAGAAACAGAAGACAGGAACCCCCGAGTTTGGTTCAGCAAGGCTG\nAGCGGGGCACACTTCATGATCTCACTGTTGCCGGATCAATGTTAGAGCTGCCTGAGGACACGGTGCCGTC\nTGTAGTCACAGAGCATCCTGCCAGCGTGAGAGCGAGCTTGCTTCCCAGTAGACCCAGGGGGACGAGTCTT\nTACTCTCAGATTGCCCCACACCAGAGATCCATGCATTCAGCCCCCATCCCCTTCTTCCCCTCACTTAAAT\nGAGATCTAGATTTGTGACTTTAAAACACATCTTTTGCCAGTATCTTCATAGAAAGATATCCTTTTGATTT\nTTTAAAAATATTTTTATTAGGTATTTTCCTCATTTACACTTCCAATGCTGTCCCAAAAGTCCCCCATACC\nCTCCCCCCCACTCCCCTACCCACCCACTCCCACTTTTTGGCCCTGGCGTTCCCCTGTACTGGGGCATATA\nAAGTTTGCATGTCCAATGGGCCTCTCTTTCCAGTGATGGCCAACTAGGCCATCTTGATTTTTTAAGAAAT\nACTTAATTGTTTAAGAATCTCATGCAAGTGTATGACATGTTTAGATAAAAATCCATCTCCCGGTCCCTCC\nCTCCCACCGTCTGTTACCCCTACCACATTTTCTCCTCTATAATTCATATGTACTCTTTTCAACCCACTGT\nGTGCAAACTGAGCTGCCAGCCTGTGCATGGGTGTAGGGCCACCTACCAGAACATGAGCACCTACCAGGGA\nGTCACATCCCTCACAAAGCAACTCTCTGTCCCCCAGAACCCATCAAGTTTCAATAGCTCCTCTACTACGA\nCTGGTACTTCATGGGCCCTCCCCCCTCTGTGCTGTGATTTTTGATTGACAGATCTTACACCTGGAGACAC\nAGCTGCTGTTGGTTCTTACATGAACCAGCTTGTTACAGCTGGAGAACACTGTTGGGCATCCTTACTCCAC\nAGCCTCCAGCTCAGATGATCTTCCTGCCCCCATGGCCCTCCATGGTCATGAGAGGAGGAGTATGATACAG\nATAATAAGTAGTAGACAGTGAGTCCAGGAGGTTTTCCTTAGGCTGTCAGGGATTCCACAGTCTTCAAGAG\nTTCCCTGGTGGCCCTGCAAATATTCTTGGGCAGTGTTACTGTTTACTGAGTGGAAATGAATTTGAAATTA\nTTTAGTCCTTTCACTGGAATTCCTGTGTTATTTTATGGCATGCTAACAGACTGGATAAGGTCTGACAACA\nAGATAGAAAGCCTGTTTGTCTACTAGCCAGCTCATTAACTGCAAGCAAACCACTTGGCTTCTCTCATCTT\nCAGCAGCCACATCCACTAAATAGATATGATGCCAGATGCTGTGCCGACATCACAGGAATGGCTATCAGTG\nTGTTTAGCAAACAGGTAACATTTAGTAGCCTTTCTAGATATGGATGGAGTTAAGATGGTTTCAGTTAAAC\nTTCAGCCAGGCATTTTAGTGATGAAGACCTTGTGTCTATACAACAAGATTCTTTACATTCTTTAAGGTCC\nAAGTTGAACGAGAGTTTATCCTTGAAGTGGTTCTCTATGCTTTCAACTGCCAGACAGAAATGATCCAAGG\nAGATGGGGTGATACCTGCAACCCAGAGCGATACCTAGAAAATGAAGCCCAGGCCATCAATGCCATCAGAC\nACCAGTGCAGAAAAAGGATGGAAGTGGAAACAAACCAGAGGCCCAGAGTTGAAGAGTCTGAGATTCGGGG\nGACAGGATGGAGTAGATAGGAGGTCTGAGAAATAGACCTGGGAGTTTCCGTGGAACAAGTAGTGATGGTA\nTCTAGGAGCAAACAGATAAGGACAGACTCACACTCTGAATGTATCTGGAATGTTCCCATGCAACTGAGTC\nATGCTGATGGAAACCATCCCACCCCTTCTCGAACCCCACGGCAGTTAGTTACAGCCAAGGCAACTGCCCA\nAGCTGCCCATCGTGATGGTTCTTGAAGACGAGAGTGCTATCTTTACAAAAGACCCCTAACCTACTGCAGT\nCACAGCCACAGCTCATATCCAAGACCCCACAGACTGTCTTGCATGTACTTCATATAACAAATACTTGTTT\nGAACGATTATTAAAAGCATGACACACTGGTTTTAAATACAGTGACAGAGAAAGAATCACCCAAAACATCA\nCTGAATCTTGTAAGTTGGCTTAGTCGTCAATTCATCACTGCTTTCTTCCTGTTAGGTTTGGACTTTTCTT\nACCATCTGTCAGTACTTTGCAGTATATTTCTCCATCCAACATAATCATTGACTGGGTGCTTCATATCCAA\nTAACTTTAGAATGCCTACAGTTGTTGGAACCCTCTTGGAAAAATAATGAGCTGTTGGTAAAAGCCATATG\nAATTTCTGTCTGGAGTGCACTTTATTGCTGTAAGCTAGGACACCATTCCCCAGTTCCCTCAGCACTGAGG\nTATGAATGGATAACTAGCTCTCATCCAGGACCTATCTCTCCTCCAAGGACAACTCAAGCTTTCAAGACAC\nCAGTGAGGCTCCACCCCTCCCTTCTCCAGCAGGATGTATAGGATTTTAGTTTCCATTGCAGTCACAGATG\nAGAGCCCAGGACCCTGAGTTACCACTTGGAAGAGAACCTTTCCTTTTCCTTGTAGGCCTATTACATGTGC\nAGTAAAATAAACCTTAATTCTGTGAAAATCCTACAATGTGGCCTTTAATTCTTGTTGTAGGTAGTATTTT\nTTTAAATGTTGATCAAAGCACAAAATGTATTTCAACAGATCAGTTTTTTAAAATTCATATTTAAAAGAAA\nTAAATGCCAAGACAGGCAAGCTGTATATCTGTGCACTTGTCCAGAGGGAGGAAATCCAGTGGTGACCTGA\nAGGGACTGGACTGGAAGGCAGGATTTCAGAGAAGTAAAAGGACATCATCTCGCTGAAGGATAACTATTCC\nAACTATCTCTTTAGCATGCGTTAATGTGAGTCCACCTTCCTAGGTGTGGCCCCTTCTTCCTCCAGATGAC\nTCTTTGGTCAGGTGATTGACCACCCACCCAAGTGAATTAACCTACCTACATTTGGAAGGTTAGGTCTCCA\nCCAAAGCCACACAGTTCATCCTCTTGACCCGAAGGAATTGTGTGTGTGTGTGTTTTTTTTTCCTTCATGG\nCCCTTTATTGTTAGCCTATCATTCTCTCTTCTGAAGATGTAACCTGAGAATCATTTAGACCTAGTGATCC\nCTTAATTTAATATAAGCATCAGTTGCATGCTGGGGGCTTCCCACACATCATTCCATTACCTCCTTGATGC\nGATAGGAGCTATTACTATGTAAGGGGAAGTTCTGATACTAAGGTCTAGTTCTCTAATTGGTTCTTGATTT\nGTCAATAAAGAAGGCTGGGCAGAGGCAGGTTGATTTCTGAGTTTGAGGCCAGCCTGGTCTACAGAGTGAG\nTTCCAGGACATCCAGGGCTACACAGAGAAACCCTGACTCGAAGAAGAAGAAGAAGAAGAAGAAGAAGAAG\nAAGAAGAAGAAGAAGAAGAAGAAGAAGAAGGAGGAGGAGGAGGAGGAGGAGGAGGAGGAGGAGGAGGAGA\nAGGAGAAGGAAGAAGGAGAAGGAGAAGGAGGAGAAGAAGAAGGAAGAAGGAAGAAGGAGAAGGAGAAGGA\nAGAAGGAGAAGGAAGAAGGAGAAGGAAGAAGGAGGAGGAGGAGGAGGAGGAGGAGGAGGCTTTGACTGGG\nAGCCAATTGTTAGACAGAAGGTATAGGTGGGACTTCCAGGTTCCAGGAGGAAAGGGGAAGAAGAGAAGGA\nGCTTTTTCTGCCATGCTTTGAACAAGTAGCATGAAGCAATCATGTAGGATCTCAGAGCAGTTGGGGTTGC\nCAGAGATTTTTGGCAGGAGCTGATTGGAATGGCCACTGAGTCTGGGGCAGAAGGAGAGACAGAGTTGGTG\nGATTGGGGAGGATAAGCATTTCCAGGAAGCAGGTATCTGCACCCGCCCAGCAACTGTGTTAGCAGGCAAG\nTTAAGGTAACAAGGCTGAGTGTGTGTCTTTCATCTGTGGGTTCAAAAGGAATGTGGGTTAGGGCTGGCTG\nAGATCAATCCTGGAGCTAACCTGGGTGGAACGAAAGGGAGCTAGGAGGGGCCAGAACTTGGGCTGTGGTC\nCCAGGCATAAAGCGGTGGAATGTTTTTGAAAATACACACAACACTTCTATTCTTGTGTTAGCTCTCTAGA\nTATGTAAATTAATCAGGGCTAGAGAGATGGCTTCAGCAGTTAGAACCCCGTGCTAGTCTTCCAGAGAACC\nTTGGTTCAACTCCCAGCAGCCACGTGGCCACTCACAAACATCTGTAACTCCAGTTCCAGGGACCTGACAC\nCCTCTTCTGACCTCTTCTGGTACAAGGTATGCATGTGGCGCACAGACATATATACAGGTAAAACATCCAT\nAGAATTCAAAAGAAATAAGTCACAGAGACATGGAGGAGTTAAGCCATTCAGATAGTTTGTCTATGTGTTG\nTTGGAGCTCGGATTTGACTCAGTCTTGTCTGGCTGCAAGTGCTGTGTTCTCTCTGTCACATAGCATTGTC\nTCCCATTCGTCAATTGTTTTGGACTCTGCCTTCAACATCATTCTTTAATATAAAATTTTTATTACTTCTT\nTGAGACTTTCATACATGCACACAATTCATCCCCTTGTTCTCTACCAGCTTTATGTCCCTGCCCCCGTTTT\nCACTAACCCACCATGTCAAATTTGTGTAGCCTGTATACTCATGGGTGTGGGTCCATTCACTGGATCATGG\nTTGACCTACAACGGGCCACACCCTTAAAGAAAGCTGCCTCTCCTTCCAGCAGCTATTGCTTTGACATTTT\nATTTTTAAATTAAGGGGTTTTGCTCTGATATTGACCTGTAATTTTTTAAAGTGGTTTAGATATATGTCTT\nCTCTTTCTTTCCATAAAACTCTACTGTTGCCTGAAAAATTATGTATGCAAAACCCTGGAGTTTTCCAGAA\nAGACATTAGTTTCCCCCTACGAGTTTTGACATGATTCTTTTACTACCAGAATTAAATTCTGTCTCTGACA\nAAACATGGACATTTGTACCACTTAGCATCTGACTTTTCACAGCTGGGAAGAGTAAGAAGGATCAATTGTG\nAATTTGGGGTGAGGGATAGGAAAAGAAGGGCTTGCTTCCGGTTGCTTCTGCAGGTGTTTCATTGGCAGAA\nTGTATGCCACTTGTGAACAGGGCTGTGTTAACTTTTGTTTTTCATTGACAGAGGCACTGATAGATCTGGT\nGTCATGCAGTCTCAGGGGAAAGAACTAAAAGTCAAATTATACTGCCATGAGAAGGGAAGAAAGATCCATA\nTAGGCTCCTGCAAAAAGATTTTAACACAGCTCTCTCTCTCTCTCTCCTTTTATTTATGTTTCTCAAGACA\nGGGTTTCTCTATGTAGCTCTGGCTGTCATGAAACTCACTCTGTAGACCAGGTTGGACTCAAACTCTGAGA\nTCCACCTGCCTCAGCCTCCCAAGTGCTGGGATTAAAAGTATACACCACCACTACCTGGCCAGGATACTTT\nTCTTAACAGATACATATAAATGACCATTGTCTAAGAGAAAGGAGAGAGGTGGGTGTGCCATATTTTTTTA\nAAAGTAATTGAATATAGAGCTTTTAAGAGGTTAATTATTTATTTAGTGTATGTTGTGGTGGTAGACAGTG\nTGTGTGTGTGTTTGTGCGTGCGTGTGTATGTGAAGGGAGAAGGTGGGGGATGGAGAGGGGGAAAGGGAGA\nGAGAAATGTACATTAAGTCAGCATAACTTTCTGCACTGATGGAAGCTTCCATGGATGCAATCTACTTACA\nAGTATTGGATGAACTATTGGATAGTTGAGTCAAGGAAGTAAATGCATTTTGTGTGTGTGTGTGTGTGTGT\nGTGGGTGTGTGTGGGTGTGTGTGTGTTTACAAGTGCCCACACACTTGTGATAGGCCAGAGGCAGATGTCA\nGACATTTTTTTTACTTTCACTATCCAACCTATCTTCCAGACAGAGTTACTGATCCCAGAGCTCTCTGATT\nGGCAACACTGGTTCAGCCCAGAGCTCTCTGATTGGCTACATTGCTTGGCAGTGATCCAGTAACTGCTTGG\nCTCTGCCTGGATTTGTCCCTCACATTAGGGTTGCTCATGAGTACCATCACACCCAGCTTTTGTGTGGCTA\nGCAGATATCCAGACTGTGGTCCTCACAGGGCACTTTACCAACTAAGCCAGCTCACCAGGCCCTGAATGTT\nAAGTTGTATCTAAGTTTACTATTTCGAAGCAATTGCAAATATTCATGTACAGCCAGTGGCTACTGTAGTG\nGGCAGCCCAGGTTGGACTTAGCTGACCAAGGGACAGACATTTTGAAAGTTTAGCAAACTCCTCCTTGTCT\nTTGCTAAACATCTACCATGTTCTTCAGGCCTAGGCAATGAGGCCAGTGTCCATGATATCAGAAAGAGCTG\nAAGGGGAAAGCAGGTGTCTTACACACGTTCTCGCGACCGGCCAGGAAGAACGCAACAAACCAGAATCTTC\nTGCGGCAAAGCTTTATTGCTTACATCTTCAGGAGCCAGAGAGCAAGAGAGCAAGAGAGCAAGAGCTCTAT\nTGCTTACATCTTTAGGAGCCAGAGCGCAAGAGAGCAAGAGCCTTATTGCTTACATCTTCAGGAGCAAGAG\nAGAGAATGGCCAAACCCCGTCCCTTTTAAGGAGAATTATCCTCCGCCTAGGACGTGTCACTCCCTGGTTG\nGCTGCAGCCCATCGGCCGAGCTGTCGTCACGGGGAAGGCAGAGCACATGGAGTGGAGAACTACCCTTGGC\nACATGTGCAGATTATTTGTTTACCACTTAGAACACAGGATGTCAGCGCCATCTTGTAACGGCGAATGTGA\nGGGCGGCTCCCAACACAGGTAAAGTTGGAGAGCCCTTTCCTTTCATTTTTGTGAGACACTCTAACGTAGC\nCAGGATGACCTTGTAGCGGAAGGTGGTCTTGAATGTCTGATCTTTTCTCTGTATCTCTAGCATTGGAATT\nATGGGTGTGCACTGATTTACACAGTGCTAGCGATGGAACCTGGGGCTTTGTACATGCCAGGCAAACCCTC\nCACCAACTGAGCTACAGCTCCAGCCCTTAGAACAGTGGTTCTCAACCTTCCTGATGCTGTGACCCTTTAA\nTGCAGTTCTACACATTGTGGTGACCTCCAACCATTACATTATCTTTGCTGCTCCTTCATTTTGCTTCTGT\nTATAAATCATGTTGTAAATATCTGTGTTTTCTGATGGTCTTACACAACCCCTGTTTGATACCCCCCAAAG\nGGTTGTGACCTATAGATTGAGGACTGCTGCTCTTGAAAATAGTGAATTTTGACAAATGTTCACAGACTCA\nAAAATTCTCCTTTCCTTCTGCCCTAAGGAGAGTGTCCCAAAGCTGGAAAATGGGAGGTAGCTCCTCTACA\nAAGGTATTTGCAAAGGATTCCTGCAGCCTTTGAAGAGGACCTGGGTTTGGTTTCCAGAACCTGTCTCAGG\nCAGCTTCCAGCCATCTATAACTTTAGCTCTATGGATCCAGGACCTTATTCTGGTTTCTAAGGGGACACAC\nACACAGCACACATACACACACATACAAATAAAAATAGATTGATTAATTAAATGCTTCCATGCAAAGACAA\nTTCCAGTTAGCATGTTCTTGCCTTTTCATGTGCCATTGTTCTGTATACTGATGAGGGGACTTAACCCACT\nCAACTTGGCTATCATCTGTTGTTGCTTTTTGTCTCACTCGCACCTCCCTTCCAGTCACACTGGCTTAGGA\nCATGTCATTTGCAGTATCTGGGACAGATTCTGTAGAGATAAGGCACTGAATTCACTTCATCACTTGGAGG\nACATCTCTTTTTTTTTGTTTTTTTTTTTAAAGCATTGTCCTCGTATGAACATTTAATAACAAATGACTTA\nGTTCAGTAAGGTTGCCCTTCCCCATACGGAGAGAGCTTTTTGCAGGCTCTCATCAGAAAAGAGGCAGGAG\nAGTCTGATTTCTAAATCCATCAACACTGGTTCAAAAAAAAAAAATCCCACACTTGCAAGATGGTTGGCAG\nAGCTTTAAAGAAGATACACAGAATTAAATTCATAAATTCATTTTCTTGGCCTAATTCTTGCAGGCATTAG\nTTGGAGGATCCAGAATAGCACCTAGTCCAGTTCCTGGTTCTTAGTTGATGTGCTCCACCTCCACATAAAA\nCTTGATATCCAAATGACCAAAAACACCGACCTTGCCATATGTGACCTTTGGAAACCAGTCCATCCCGGGT\nTAGAGCATTATCCCTGTTTTCAGTATTTCCCTTTCTGAATGGCTCCCAGTTTCCCTCCACGGTCTGGAGT\nCTTGTTCTCTTTACTGAAGGACAGTGAGGGAATCTCCTGAGTTCTGACTACAAACCTCAGGAACCTTACT\nGGCATCTAAGCAATACAATGTTACAAATGCATTTAGAATCACTAAAGCACTCCCAGAAGGAGCAGCGGAC\nACACCCAGAGAGGCCTCTCCAAACCCTTGCTCTCTCTCCAAAACCCATTGTGCTCCCGTGGTTTTTCTTT\nGACTGGGAAACAATGAATTCACACAAACACCAGTTGAAAAATAAAGAGCATGACAGAAACTAAATCAAAA\nGCAGGGGCTAATTTGGCAGCATCCAGGAGTCTGGTGGGCCAAGCGGGGTGTGACCGCCAAGGTTGCCACC\nCAATGGGCTCCTTGAGGGGAGGAGCTTGCCTCCCAGATTATCTTGGCTTTAGGTCCACGCCTTTTCTCGA\nCAGAGACGCCTGAGTGTTCATTTCTCTTTCGTGAGACGTCTTAGTGGAGCTATAAATCACCCCAGATCAC\nCAGCGAAGCTTCCAAAAGGTGTCCCCCAAGCCAACTGAACTAGACAAGACCTGAAAAGACCGCCACCCAT\nGTCCTGCTAGAGGTGGCTGTGATCCATCGTTAATCCCGGAAGTAAGAGCTAATGCCTGTTACCACAAAGT\nCACCTAACAGTTAGGAACCTGTGCATGCACATACTGGCAATGGGAAGATTTGTGCTTCACTTCTCAGAAG\nCAGATGTAATGAGAGAAAGAGTTCAAAGGTTGAATGGCCTCCTAGCTAGAGGTTTCACTAGTGGTCAGCC\nAAGTCCAAGCGAGATGGGTTTGAAGCTGAGAAAACGGCCAGGACTCCCAGTAGCTCTGGCAAGTTACTGA\nCACAGACTTCTCACTCACATTGCCCACCACACTGGAGTCTACACATGGTTGGCTCAAGGCACCAGGCCCA\nTGGAAGCTTCCAGACCCAGAGAAGAAGGCATTGTGCATGGGACAGGAGCAGGCTGCTGCCGTGTGGCTCA\nATCTTTCTTGTCCTTTCCAATGTCTTGTTTTATGAGGGTTTCGGGGCATGAATGTCTTCTGGTGCAAGTA\nCATATTTAGTCTGTACAGAACCAGAGGTCAACCTTGAGCCCTGTTCTTCGGGAGCTGTCCACTTCTGGTC\nTTTAAAGGGGTTTTTTAAAGCATCTTTTTAGATGTGTTTCCTTGTAATGTGTAACCTGTCTCCTATTTTC\nCACCTTCATGTCACATCTGTCCTTTTGTGCCTTCCCAACCCCTTCCTCAGAACCTTTTTACCCTTTCTTG\nATTTCCTTTCTATTATCTTAGATTTGACCCGCATTTAACAAACTAGGATCCTCTGAGAATATGCTAATTT\nTGTCATTCTGCATTTGGGTCCCCCAACGTAATAGTATACTTCCCAGACGGGTTCTGGAGCATCTATCTTC\nGTGGGGGCTTCATCATTTCATTTTTGTTAGCAGCTGCGTAAGATTCCATTGTGTATACACACCACATCCT\nCATTACCCATGAGTCTGCTGATGGGATTCTAGGGTACATCTCTCTTCTTGCTGCTGTGGGCATAGCAGCA\nATGAAGATGGGTTTGTAAGTATCACAGTGGTGGGATGCAGAGTCCTTTGGGTACCTGCCTAGGAGTGGTC\nCATCTGGGTTTATATAGTAGTTTCATGTTTTAATTCCCATAATGGCCGCACTACCCTACACTCTACTCTC\nCCCAGCAGTGATCACAGGCTCCTCTTTCTCCACATCCTCAACAGCATTTGATGTCTGGTCTCTTGCTGAG\nATCCATTCTGACTGGGGTGAGGTGCTGTCTCAAAATAGTTTTAGTTTGCATTTCCCTGATGCTAGGGATG\nTTGGACAGTTTTGGAAACACTTGTCACCTGTGTTTCCTCTTTTGAGAGCTGCCTGTTCATTTCATTAGCA\nTGTTTGCTGGCTGGCAGTTTGGGGAGTTTTGGGTTAATTTTTGAACTCCCTTGTCAATTCTGAAGTATAG\nCTGGGAAAGATTTTTCTCCTATTCTGCTGACCGTGTTTTCGTTGTTCCTTTGGCTGTCAAGAAACTTTGG\nAATTCCTAGTTGATTCCTGGGACTGGTTCCTGTGGAGTTGGAATTCTATTCAGAAAGGTCTTGCTAAAGC\nTTTCTGTTAAAGAGCACCCCTATTTCTGTCCAGCAGTTTCATTACCTCAGAGGGGAAATTCAGGTCTTTG\nATCTGCTTTAAAGTTAATTGTGTACAAGGTCAGTGGTGTGGATTTGATTTCTTTCTTCTGCAGGTGTATA\nTCCAGTTTTTCTAACACCCACCTTTAAAAACAAACAAACAACAGTGACAAACCCTGGATCTCTCACTGGG\nACCTAGGGCTCACAGTTAGGCTAGGCTGGCCAGCCAGCAAGCCCAGGGGCCCACCTGATGCTGTCTCCCC\nAGGGCTGAATTTAAAGTACTTGTCTTGTTTCACGTGGACTCTGGAGCTTGAATTCATTACTGACTGAGCT\nGGCTCTCGAGCCCCTGACTTCCTATTATGAAAAGACTGTTTGTTCTCTTTTAGAGAACATAGACAAGCCC\nTTGCTCCAGCCTCCACAAATATTTCTATAGAAGGGTTCAAGGATCAGGTTGATAGGACCCCTTTCCCACC\nAAGGACTTCTGCTATCAGAAGCCAAAAGCCTTATTACAGTTTGAATATATCTTCATTGTGTCCTCTATTG\nGATATCTGTATGAGCAGGTTGGGGTCTAGGGCAAGTCATTATGTCATAGGGTGCATCATCTTTGAAATAT\nAGTTTTAAGGGGCCCTGGTTAGTTTTTATAAGCAGCATCTTAGCTGTGAGATCCTGGCATGAGAGCTAAT\nTCAGTAATGTTACTGCCTTCAAAGCTTGAGACCTGGTCTGCTCCCTCAAGAGCCCACATAAAGATGGCAT\nGCACTTGTTATCCCAGTGCTGGGGAGGCAGAGACAGGCAAGTCTCTGGCACTAGCTAGCCGGCTAGTCAA\nGCAGCCTACTTGGCAAGCTCCAGGACAATGGAAGCCACTGTCTCAAAATAACAGCAACTGAGGAATAGCA\nGCCAATGTTATCCTCTGGCTTCCACATGCCACACACGCACATGCCACACACGCACATGCACACACGCACA\nCAACCATATACATATACACACTCTTACGGACACAGAAAGTTAGGATCCCTCTACTAAGAAACAAAGCAGC\nAGGAGCCCTCATCTAGGTTGTGATAAGCTAATGTTATACCTTCTAATGGCCACAGTTGCGATCTAGATGT\nGTTTCTTTTCTTTAGTAAGTATCCAGCCTCCAGTCTTTTGCTATAGTAACAGAAAATGGACTGGTACACA\nCTTCATGGGACCAAGACCCTTTTTCAGGGTCATAAGCATTGTTCCTTTAACAGGCCCGCTCCTAACACTT\nTAAGCAATCTTACGATAAGTGGGGACACTCCCGGGTAAAAAGGCCACTACGCTTCAGCCTGTTTTTAGGC\nATGAATCATATTCATTGTCTTTTGTATACAAAGTGGATGACTCAACTCTGGAAGCCACCTTCTTGTAAGA\nTGGCCTTTGCCTGGCCCGGTGAGCAAAGGCTTAGTCAAATGTTCTACTTCAGGTTAGTCTGTAATTAACA\nGATAATGTTCTCACTGTTGGAATAGCCCTGTTAGATGATATAAGTCCCCACTCTTAACTCACTTCTGTCT\nCCAACCGGAGTTACAGCCGACGAAAAGGCAAATTGTGCCATCCCCCTGCCTACAGACTCGTAGGCTTCCC\nCAGCTCTCTTGACATGGAACCCTCCATCTTTAGGACCTCTCTGGAGGCACTCATACAACCTAGCTCATAT\nCCACTCTGACTTCATTCTCTACAGCTTCCCATAGCCACATCTGGGGCTAGAACACATGCCCCTGCTGCAG\nGTTTACCCTTGCTGTTCTTCTTTCCTGGGTGCCTATTCCCCCACATAACACAAGGTTCGCACTCGCCACT\nCAGTTCTCCTTGTAGTTGTAACCCTCTTCGTTCACACACAGGCACACTATATGCAGCTCCATGACTTGAA\nTCTCTATGTCCTTTAGCCATTATGAATATGCTCTAAAGCCCTGAAGGTCTGAGATATAGCCAAACTATTC\nTCAGGACAACACAAATGTATTGTCACCCTCTCATGCCACCCCGATTTGCTGCTGGCATTTGTACCAGAAT\nCATGAAAGCAAGGGAGGACAGTGCTGTATGCGTCTCTCCAGATGTGGTCCCACTCAGATAACAGCTGCAT\nAAGGAAGAACTGGTTTCACATTGCTTTCACTTCATTGAAGGTGTTCTGTTTGATGCCACATCAGAATCAA\nACCAGCAATACTCTCTAAAAGTCAGTTGTGATGTGGAACCTGAAGTTGTAACAATACCATGTTTCATTAA\nATTCCCCCAAGAGTCCTGTACTTCCAATGTGCCTTTTACCCACATTGATGGCATTGGTGGTCACTAGACC\nCCCCGCTACCCATTCACTGATTAAAGGTCTCAGTTTCATGACTCCTGGAGGTACTATGTAAATGAATAAT\nTCCATTAGGTCTAGGTCCTTGAGCACAGTTCTTCAATTCTCTAAGAATATTCATAAAGCCCTCTTCCATC\nAACCAAAATAGAGCCGTTGACTCAAAGGAGACTGTGTGTGGCATTGTGTGAGTTGCTAGCTTAGGTATCT\nGGCTATTGTATCGCAGACCAAATTTTACTTGAGACACTGCCTCCTTATAGACAGTCATGCTAACTTGGGT\nGTGGGTCTCTCCACAGGTACCTTCTAGAAAATAACTGTTGGTATTTGTAGCCAAAGATAAAATACAGGCT\nTTCAAATAAAAATTCAAAATGGTGAAAACATCTATCTACAATTTTTCTACTTAGACTTTTCTAATGAGAC\nCGGTGATGATTTTAATAAAAGTGAGCTTAAATTTTCACTCAGGCATGGTGTCTCATGGCTGTAATCCTAG\nCACTTGGGAGATAGAGGCTGGAAGTTCAGAGGTTCATAGTCATCTTGAGCTGCATAATGGATTTGAGGCT\nAGCCTTGGTTACATGTTCCTAAGAAAAACAAAAACAAATAAACAACAACAGCACAAAACAGAGACTGTGA\nGAGAGCCATCTGGTAAGACTTCCAAGCCCGATGACCTGGGTTGGTTCCAGGACCTACATAGCAGAAGGAC\nCAACTTCTGCAGTTATAAAACATGGAGGCCCTGAACCACATGCTATATGTGTGTGCGCGTGCACACGCGC\nGCGTACTCACACACACACACACACACACACACACAGAGAGAGAGAGAGAGAGAGAGAGAGAGAGAGAGAG\nAGGTGGAAAATAAAAAATAAATATAAATATATATTTAAAAACAAACTATCTGTTTTAGCATTAATTTATC\nACCGTATCAACAAGCAGCGTAGCTATCCTCAAAATGTGTCAACTTCAAGTATAGTTGCCTGATGGTTCTG\nCATCCTGGGGTAACTGCATCTGCTCGATTGGTCAACTCATGGTGGAGGACTAGGAAGGAGGAGAGAGAGG\nAGGAGAAGGAGAGAGATGAGGATGGGGAAGGGAAGGAGACTGAAGGGGGAGGGAGAGGGGGAGAGCGGGA\nAAGGGAAAGGAATGGAGGAAAAAGGAGGAGGGAAGGGAGGAGAAGGAGAGAAGACTGAGGGAATGGAGGA\nGGAGGGAGAGGGGAGGAGGGAGAGGAGAAGGATTAGAGGAGGAAAGAGGAAGAGGAAGAGTGGGAGGAAG\nGGGAAGGGAATGGAGGAGGAAGGAGGAAGGAGAGGAGGAGAGAGAAGGGGGAGGAGGAGGGAAAGAGGAG\nATGGAGAAGGGGGAGGATTGGAGGAGAAGGAAGGAGAGGAGGAGACAGTTTATTGCCCTACGTTGTTTCC\nTACTTTCAAAAGTGACACATTTCAAAAGAAGAAAACTGGAATAGTGCACAGAGCATGAAGAAGACAAACA\nATGGTAACCCCACCCAACACCCAGAATGAAATCACGGGCATTCAGTATAAATCTGCAACCATCTTTACGT\nTATAGCACAGGACTATCATGTGGCTCACGGTCTGAAAACAGAGTCCACTCACACCACAGGACACACAATT\nTCTGTATCACAGTAACTAGTGTTTTAGGGGGGAGGGGTTGTTTGTTTTTTAACATATAGACTAGCCCATC\nGCCATCTGGGATATATTACAACGTTATTTGTTTAGCCAGGTCCCCTCTTTGGGCATTATGGTTGTTTTTA\nCCCTTCTATGCTGCACGCTGACAACCTTAAACACAAATTGCACACTTCTTCAATTCTTTCCTCAGGGAGT\nTACCAAAAACAGAATTATTGGGTCAAAATGTATACACAATTAAGAAAATTTTAGACAGACTCATAAAGAT\nATAATTGACATACAATAAACTAAATTTATTTCATGTGCACAATTTCATTATTTTCAACATGTACATAAGC\nCCAGGGGGAAAGAATGTTTTAAAATAAATTAAATTTAATAAATAAGTTAAAAAAATAAACTCATGGAATC\nATTACCATTATTGTTGCAGTCAAGAGGATGAAAATGTCTGTCAACCTTGTGAGTTTTATTGGGTCCCTTT\nCTGCATGCCTCTGTGTGTGTGTGTGTGTGTGTGTGTGTGTGTGTGTGTGTGTGTATACACATGTGAGTCT\nAGGTGTTTAACATAGGGTCTCCCAGTGGCCCAGAGCTCACCAGACAACTTCAGTTATTTATTAGCATTTT\nGAAAGGTTTCTAATAAATAGAATAATTCAACATATTTTGTTCTCCCTCTGACTGCTTTCTTAATGTAATT\nCCTTTAAAATTCAATCACAGTATTTTATCTATTAGTAATACATTCTTTTTAATAGCTAAATTGTATTTTA\nTTGTAAAGATGAAAGTATGCTTCTAGCTGTAACAGTCTTGTTCTAGACTATAAGATTCAGGCTATAGCCT\nTCATATGATCCTGTACCATATAAGCATGGCCTCTAACAATTCTTCATCCAACCCCACAAACTTCCTCGCC\nTCTGATCACACTGCTTCCCACACTGAATCCAGGAGAAAAAAAATCCTCCACAGGAACCAGGAGAAGAGCC\nATCTGAACAGAGGGTGCGGGTGACCCCTGAAGAGTCCTGGCTCTGATCCCCAAGCCTGGCATGGCCGGCT\nGTGGCAGCAGAGGTTGACAGTGACAAAGCCCATCCTTATGTGACTGACAGTCAGGGCAAAAGGGACAGCA\nCCGTTTCCCAGACCCACAAACAAATGTCATCTTGCTGTAACCTGTGTGAACACCTCACAGATGCAGAGAA\nCCAGATAGATAGATAGATAGATAGATAGATAGATAGATAGATAGATAGATAGATAGATAGATAGATAGAT\nAGATAGATAGATAATCCACTTTTTTTCCTGCTCTGGTCTATAAACTCACTAGGAGTTGACTTCCAGGGAC\nTGGCCCCTCTGGGCACAGGGCTTCTCACGCTGGTTAATTCTCAACGTGCTTTGCCTGAGGGCTATTGCTG\nCCACGTTCCTTGAAATAACTCTGCCTCTTACCAGGATCACTGAGGCAGAAATCATGTGACCACAGGGAAA\nCCAAGTACAGGAGGGGGCAGGGTATCTGGTGTCACAGTCGAGAAGGCTTAGCAATCGAGTAGATCTGTCC\nCTTCCCCTCCCTCAAGCACCTTTGAATATGGAGCCCCTGGGGACTTTTCCCTGGAGCCACTTCTGAGGGC\nAGCCACACCCAGGTGAAGTGCACATTGATTTTCCAATGTGGTGAAATTATTGTCCCTTCCTGGTTCCTGG\nAAGCTTGACTGGCAGCTGCCTTTCCATGTACAGCAAGCATGAGGGACAGAGAGGGGTTCTGTGGGACTAC\nAGAAGACAGGCTCCATTTATAGAGTGGACACAGAAGGAAAGGGGGCTCTTTGGAGGGATCAGGCCCAGAA\nTAAGCCTTGAAGAATGGAAGAGTGTGCTCCAGATGAGCAAGGTGATGGATCCATATGGCAGGCATCAGAG\nAGAAAGGAGAACAGAATTAGGAGAGAAGTGACAGAGGGGACGATCCGTGTGTGTGTGTGTGTGTGTGTGT\nGTGTGTGTGTGTGTGTGTGTGTGTATGTGGCCACTGACATTACAGTGGTCTTTATAGTTGGAACCTGAGT\nCCTAACAAGGTAGGCTTGGCTACCCCTCCTCAACACACCAACTAGAGAGTCAGGTTATAGTGAAGGAGAT\nTTATTCACAGGCCACCAAAGAGGCCCAGTGAGCCCCAAATCCATCTTTAAGGTCCTGACGTGAGGGTTAG\nGTTTAAATAGAGGCCAAGGGGTGTGCAAATGTACGCAGTGCTGATCAGGGTGTGGTCACTATCACCGAGC\nCTCCTCTGTCTTTTCTTCATTTTCCCTACAGCACAGTGAGCAAAGTTGTCAGAACTATGTAGGTGACATC\nTCTCTGCAGACAAGATCCCCCTCTGCCTGACACCAAGGCTTCAGCCTATTCTTTACAGCATGAGGCTTCT\nGGGGAAATTCCACTTCCTTGGAGTGTGCTCTTTCAATATTGTGGGAGTCAGAGGGAGGGGCACAAGTGTC\nTCCTTCGAATGTCTTCATCTCTGCCTGAATAATTCCACAGAGGGAAGAACGTTGGTCTATACAGAATCTA\nGGGATCCTGTTGAGTTGTCTACCTGTGTGTACGAAGGGACTAAACTGGAGAAACGGGTGAAACCAGCGCT\nCTAAGGACTTGAGACTGCAAGCTGAGTGCCTAGAAGCCCTTTGGAAGTTTAAGTGTCACCATGTATCTAC\nATGTGACAGTGACTATGAATACCCAGGCAAGAACAGATGTGTAGATGAGTCACAGATAGTTATAAAAATA\nATCAAAACCACTACTAAAGGGCTCAGTATGTGAGTGTAATGACCAGGTAAAGGCAAAACTGTGGGAAGGC\nAGTGTGTGGTGGGGGCTAAGGATGAGGAAGCCAAGAGTGGTGTCCAGACTTCCAGGATGGCGTGTGTTAG\nCTCTCAATTCCACATCAACTAGGACAGGCAAGGCTAGTTTCCCCTTAGTCCTCAGAGGCCAGTACAGGTT\nCTAAGGCAACAGTGCTACTCATGAAATGTTTCCAGATGGATGGATTTGTCTAAAGGCAGAGTTGTAACTT\nACCTCAAGTCAAAATGGAGGTGGCTAACCAGAGAAGCTGCATAGAACGCTTCAGGTTAAGGGCAGTCTCC\nTGCCTCAGTACTCTGGGCTGTGCAGGGGAGAATGGTTGTTGGGGACTTGTTCATATCAAGAAATGAGGAT\nGTGAAATGACCTTGGCAGGAGTGACCTGGTCCTTGACACATCCAGCACCCTGACAACTCATGGGTTTCAT\nGGAGAATAATAACCCTGGGAGTTTGAAGAAAAGGAGAAAACCTGGAGAGTTATTCAAACACAGAGACAGG\nACAGGAGGGAGACTCATGCCTACAAAAGTTTACAGAAAGCCCTAAGCAAGGAGATCTCAAGGAGGGACTC\nTACCAATTCAAAGGCAACCCTCCTTGTTACAGCAGGGAGGCATCTTACAGAATCATGACGCCTTCTCTCT\nGAGGACTAAAGCCAAACACTGTATTCTTGAGGAAGTTTAAAAATTAGTCATGGCTAATAAAGGCAACACA\nACATATCGCACACACATATTTGTGGAACAGCTTTAGTATGGGGTGGATATGTTCCCCTAGGCTTTGGGAG\nGTTCCTATTGGGGGCTTTCTGACTCAGGGTCCTTGAACACCATTTTAAATTTCCCAATTTTCAGAGTCAT\nCCTTGAAACTTGACCTTGAGAGATGACCATGGAACTCTCTGAGATGCACATAATGAGAGAGTGCTCTGAT\nGGGGTACAAAGCTAAACAAATTATTCTCAACTGAGGAATGCCGAATGGCTGAGAAGCACCTAAAAAAATG\nTCCAACATCCTTCGCCATCAGGAAAATGCAAATCAAAACAACCCTGAGATTCCACTTCACACCAGGCAGA\nATGGCTAAGATCAAAAACTCGGGTAACGTCAGATGCTGGTGATGATGTGAAGAAAGAGGAACACTCCTCC\nATTGCTGGTGGGATTGCAAGCTGTTACAACCACTCTGGAAATCAGTTTGGCGGTTCCTCAGAAAATTAGA\nCATAGTACTACCGGAGGATCCAGCAATACCACTCTTGGGCATATACCCAGAAAATGCTCCAACTTGTAAT\nAAGGACACATGTTCTACTATGTTCATAGCAGCCCTATTTATACTAGCCAGAAGCAGGAAAGAACCCAGAT\nGTCCCTCAACAGAGGAATGGATACAGAAAATGTGGTACATTTACACAATGGAATACTACACAGCTACTAA\nAAACAATGAATTTATGAAGTTCTTAGACAAATGGATGGGTCTGGAGGATATCATCCTAAGTGAGGTAACC\nTAATCACAAAAGAACACACATGATATGCACTCACTGATAAGTGGATATTAGTCCAGAAGCTCAGAATACT\nGAAGACACAATTTGCAAAACACATGAAACTCAAGAAGAAGGAAGACCAAAGCATAGATACGTCTATCCTT\nCTTAGTCGAGGGAACAAAATACCCATGGAAGGAGTTACAGAGACAAAGTTCGGAGCAGAGACTAAAGGAA\nTGACCATCCAGAGACTGCCCCACTTGGGGATCCATCCCATAAACAACCACCAAACCCAGACACTATTGTG\nGATGCCAACAAGAGCTTGCTGATAGGAGACTGACATAGCTGTCTCCTGAGAAGCTCTGCCAGTGCCTGAC\nAAATACAGAAGTGGATGCTCTCAGCCATCCATTGGATGAAGCACAGGGTCCCCAATGAAGGAACTAGAGA\nAAGTACCCAAGGTGCTGAAGGGGTTTGCAGTCCCATAAGAGGAACAACAATATGAACTAACTAGTACCCC\nCAGAGCTTCCTGGGACTAACCACCAATCAAAGAAAACACATGGTAGGACTCAGGGGTCTAGCTGCATATG\nTAGCAGAGAATGGCCTAGTAGGTCATCAATGGGAGGAGAGGCCCTTGATCCTGGAATGCCAGGGCCAGGA\nAGCCCGAGTGGGTGGGTTGGGGAGCAGGGGGAGGGGGGAGGAGATAGGGGATTTTCAAAGGGGAAACTAG\nGAAGGGGGATTACATTTGAAATGTAAATAAAGAAAATATCTAATAAGCAAAAAAAGAGAGTGCTCTGAAA\nTGAAGTATTTTATCACTGAAGACAGAAACTTACTGATGTGAGTCAACTTTACACACACACACACACACAC\nACACACACACACCATCTGTCTGGGTTCTGTGAGAATTAATTGAGATAATAAAGAGTGAGTTTTGCATATT\nCAATGATTGCCTTTTAAGAATGGTTGCGTTAGAGAGATGGGAGGAAAACCAAGCCCCTGGCTCTGCTCTA\nGAGAGACTGAGGGCTTTTCTCACAGGTCAGATGGTCTTCACTTACACTGTGAAGCCTGTAATTCTAGCTA\nAATATCTATACATTGACTGCTAGATAGAACCAAGCTTGGGAACAGCCCACCCCAGGACCACCCTGGAGCC\nTGAACAGCTACAGGCCAGCAGCCTCTTGTTGACTTAAGAATTTGAACCTCTGGAATTTTGGTGCACCTGT\nCTGCTGCCCACCTAGCCTCTCTCAGTCCTTCAAGGTGTTTAATTTAATCTGCCAGACTTTGCACGCTGGG\nGCCGTCACTCCCTCAGAGGTTCTGCTTGCTTTTATAACATGATCATGGAAGTTAGGAAATTGCAGAATGG\nGGCAGGGGGAGTACCAAGAGCCACACATTGGTCTGACCACCTACCTACGTTGGAATGGTCTTCTCCTACA\nCTTGGCTTCCTCTCTTATAAATTGAGACTCAGAATGAACAAATATAAAGCCTAAATATACAAATCTATTC\nCTATAATTTGTGGTATATTCCTCAGGATAGGATAAGCTTTGTTCCCTCGACATCAGAAGTCTTGTCTTGG\nTCACTAGAATATCCCGCTGAGTGGTTTTTCTCCTCCTCCACACAGTGATTCAGGGATCTAAGCTCCCTGA\nTGCTTGGGTGCCAACACTGAAACATCCGGGTCCCAGGGATACCGTCACACAGGAAGAGAGGGGTGACGGC\nTCATCCAGAATGCTCACAAATGTCCCACCTAAGAACGGTTGCACATCAGTTCTGCCTCCATCCCTTTGGA\nAGCGCAGTCATCTGGTCCTGATCTCAAGGCAAGAGAAGATAGGAAATGTTCAGGTCCCTGTGGGATAATT\nAGTCAATGCCACTGGATTAATGGCACAGAGCTCATGTCTTTAGTTAAAAGACAAGGCAGAGATATACAAC\nCCTGCATTCTAACACGCACATGTCCCTTACTGCAGTAGACCTTGAACATTGTACCTAACTCTGTGGGACC\nTATTTCTTCATCCTTACATTGGGGATCTTAACAAAGTATACATCCCCGTGGTGCTGTGAGACCCTAGGGA\nGATACCACACGGGAAGTGGCTCTTTTCTGCCATATAATATGTGCTAAATAAATGGGAGCGCTTTTTCCCA\nTTTTCTGAACTTCCGGATTGCTGCTTCACTTCTTTGAATCTTCCTTGCCAGCTTGAGCAAGACCAGATCG\nTCTTTATTTTAACATAATATTTTTACTGATTCTTCGGAAACTTCACATCAAGCCCCCTGATCACATTTAT\nTTCTCAGTCCTTCTATGTCCCCCCAATGACCCTTATGACCTCCCCTCAAAAAGCAAATAATTTTTTTAAA\nAAAATTTAAAGGAAAAAAGATAAAATGTAAAAACACAAGCCCATGTTGTTGTACACTATATAGTCGCTGG\nAACATGATCAACTTCTCTGTGGCCTGCCCCTTAAATAGAACCAAGTCCTTCCCCTTCCACACCCCCATCA\nGGAGTCATCAATTGTGGAAAGCTACCTGTCAGCCTCCTTATCAAACTTTTTATGAGTTCTCTTCAATGGC\nTTTCTGTTTAGGCTGCTACTTTGGAGGTGGGGGGAGGGAGGTTGTCATAGAAACCTTCCATATCCTTCTT\nTCTCAACTATGCATCACACCCGTTGGTATCACTGCAAAGGTAGCTCCGTTTCTCTATACAGTCTGTGTGA\nGCACAGATCATGGGCTTCCACATGGCTTCACAAAGACATCAATCAGGGTCCCCAGCTGCAGTAGGACCAC\nCGACCTATACAAGGCCCTCAGAGGTAGCCGGGACCACGGATGTCACCATGGTCTCAGATGGCAGCACAGG\nCCACTCAGGTCAGCATGACTCCCAGTGGCAGCATGGCCCAAGGACATCAACATGGCTCCAGGTGACAACC\nCAAACCACTGACATCTGCATCTAGAAGGCTAGATCTTAAGGGTCTGTCATACCTTCCAATTCCCAGGGCA\nGAGTTCCTTTGTTGCTAATAAAACATGATCTACTGTCTTTGGCTGGCTCCCCTGGGTCCAGTTGTACAAG\nATTGTCACCGCTCAAGTGTCTTTGGGTAGGAAGCTTACTTAAAGAGATGTGCATAGGTAAGCAGTCCTGG\nCCAGGGTAGACTCCTCTGTGGAATGGAACACAAGTGGGTCAAAGGGCAACACATTCCCCTGTCCTGAACT\nGTGGTGACATCTCGTTGTGCTTAGTGTGCTCAGAGCTAAACACTCACATTGCTCCAGGACCTGAGGGTGG\nAGCTCATCTAAGGTTCTGTATCCTCAGCACTGGAATCTGCTGGAATAGAGACACAGAGCATATCTTTTCT\nTGAAAAGCTAAGGAGCATCTTCAAGTTCTTCCCTCAGCTCTCTTAGAACTAACAGTTGTTTTCTTTGTGG\nGCATCTTGCTTATCTCATGTGCCTCAGTTTCCCCTTATGTAGGATGCAAACCAGGCACACTAATCATCCC\nAAACATGTTACTTAAGATCTAGTGGATGGCAAGACCTTTGAAATCTAGACACCAAAGTAAACACATAGAA\nGGTGCTGTTAATTTCTGGTGAAACCAACAAAGTTATGCAGGGGTTGGAAGTCCTATTACTTGTGACATGT\nCTACAGAACACACGCTTATTTCATTGTTTCATTGTCTTCAATGGAAGAAAATGTAGGCTCGGGAGTATAG\nTATCAAGAACGCAATAAGGGACGGTCAGAGAAGCCTGGAAAACAAACTGATAGAGAAATGGGATTTATTT\nGTATACATATATCATGAATATGGTGGATGTGACATGCTCATCATGGGCAGGCAGGTGTTATGGATGTGTA\nGGGGGGTAAGGTGTTTATGTCTGTATGTGATGAATGTGTGTTGTGTGTGTGACATGTACATGTGTGTATG\nTGTGTGTGTGTGTGTGATATACGTGTGGTTTGTATGTGTGTATGTGTGATATACGTGTGGGGTGTGTGTG\nTGTGATATGTTCATGTGTGTATGTGATATATGTGTGGGGAGTGTGTAATGTGTTCATATATGTATGTGAT\nGTACATGTGTGTGTTATGTGTTCATGTGTGTATGTGATGTATTGTAGCGTGTGTGTCTGTGGTATCTTTA\nTATATGTATGTGATGTGTGTGTGTGTAATGTGTTCATGTGTGTATGTGATGTATGCATGTTGTGTGTGTG\nACATGTTCATGTGTGTATGTAATATGTGTGTTGTGTGTTTGTGAAACATGTTCATGTGTGTATGTGATAT\nATGTGTGGTGTGTGTGTTTGTGTGTGTGTGTGATGTTCATGTGTATATGTGATGTGTGTGTGGTGTGTGT\nGTGACATGTGCACATGCCACAGCATACGTGTGGAGGTCAGAGGAAGCATGCCGGGGTTGGTTGTCTCCTT\nCCCAGGAACTGAGCTCAGGCTATAAGGCTTGATGGAAAAGTGTCTTTATTTATTGAACTATTTCACTGCC\nCAAGAAATGTTTTTTTTTCCTCTCATGTGACCAAGAGGACATTAAACAAAGTAACCCAAGCTTGGCCCTG\nTGGTCATGCCATCCAGACCCCAGCTCTTTACCTCTTTCCTCCCAGTCACTTTGAGCATAGACTGTGAAGT\nCAGATCCACGGTGGATCTCGCTGCAGGCTGTAACAAAGGTAAGGGGCAGCATGTCTCCATCCTCCTCCCA\nGGACTCCCAGCTAGGATAGAATTCGCCAGAGCAGTCACATGACACCTGCTTTCTGCAAGGGAAGCTGGGA\nAATGTAGGATTTTAGCTGGGTAGGCCCAGATTTGGAGCCAAGACATAGCACCGTTCACGTTGTGTTTAAT\nCTTGGTGTGTATTATCCAAGAACAGAAAAAGTGGACTCAGAATAGACATTTTACAGTGTCCAGATGGCCA\nTGAAGGATGCAGAGTTAGTTGCAACCAGGAAAGAGGAGTGATCTAAAAATTTACATAGGGGTAATCCCCA\nTTGCTAGTCATCTATTTTCACAATAGTGATACCGAAGAAACACAAAGTCTTAGGGACACGCAACAGTGAT\nCATCTTGTGTGTGCTAGGGGTCAGATAGGGGTGAGCTAGAGGTCAGCTAGAGGTCAGCTAGAGGCTCTGC\nTTGTTCAGAGTGGGGTTTCTCACATGTCCTAAGGTTGTGCTATATTCTGCTCATCTAAATGTGCTTTGCC\nTGGGACAAATGTAGCAGCGTGGCTCTGCCCTTCAGTGTTTCCTCCTCTAACACACCGGCAAACACATTGT\nCATGGCAATGAATGCCGAACAAGAGAGCAAGGAGAAGCACAAGGTCTCTGAGGCCCAGATTTGGAGCCAA\nGACATAGTAGCTGTTCACGTTGTCTTGTTGGCTGAACAGATTGCAACAAAGGTCCACGTAAGGTTACCGA\nGAAGGGAAGAAAGGTCATGTGGTTCTTCGCCAGCTCCCTGATCCATCTCTACCAACACTGCGTGGCGACT\nCTAGCTCCTCTCCACCCTTGTCAGCATATGCAGTCCTCTTCTTGTTGTTATTTCAAGGAGCATGCTAACA\nGAGGAGAGGGAGTGGCCCCTCACTGTGGTGCCATTTGGCGTTTCCCCAGTGAGTACAGATGTTGACCCCA\nGTGAGAACAGATGTTGAGAATCTTTCCACGTATTTATGTGCTCTTTGCATATCTTCTTTGGAGAATGCAA\nACTCAAGCCCATCACCCATTATTGATGATGGAACAATCAATCAATTGACTGTGTGTTTGTGCGTACGTGG\nGGTGTGCCTGTGCAGATGTCACGAAGTGCGCATAAAGGCCAGAGCACAACATTGTTGGAGTTTGTGAGGC\nCCAAACGAGAACTCGATTGCCTATGCAGTAAACTAAGGCTGGAGCTAGAGAGTTTACAGGCTGCAAGAAG\nCCTCTGCCCAATTTTATGTAATTCTGAGACCCAATGTCCCTGAAGTAAACTGGGATGCCTTGCTGAGACA\nGAGATCCCTTCCAGTCCTTGGGATGCAAGGAAAGCCAGGGGGGCACCAGCACACAGTATGTGTGGATGGC\nCATGTGTGTGTCCTCCGCACTGGGAAGGAAAGGAGTGGGTATGCTGGGGATTAGGATGGCCAGGGAAATA\nAGGAATTCCAGACCAGGAGAGCAGACCCCCTAAAAATTCTTAAGGGGAGCAGAGGTGGGCATTTGAAGGA\nTTAGCTCAGGAGAGCGGGCCCCGAACAAAGAGCCCTTGGTGATGGGAAGCAGAGGTGCCTCAGGTGACAC\nTCAGGAAAAAAAAAGTGTGTGTGTGTGTGTGTGTGTGTGTGAGAGAGAGAGAGAGACAGAGAGACAGAGA\nGAGAGACAGAGAGAGAGACAGAGAGACAGAGAGACAGAGAGACAGAGAGAGAACAGGGAGAGGCCAGCCT\nTGCTTGAAGCTTATCATTCACAACTGCAAGGTAGTCCGGAGCTTTTCAGAGACTCTTCTGTTTCCAACTC\nCCATCTTCCCATAGGGGAGCAGAAATTACAAACACACACACACACACACACACACACACACACACACACA\nAACACCACTGGGTTCTAGCTTTTGTCATTTTAACACAGAAATTCATCAGCCTTAAGTTAATTAGACCCGG\nCAAACATTCACCAGTCAAGCATGAGTTGGCTACCCACCACTGGGAAGACATCTGGATCTTCCTGTCTGCG\nGCACAGATGACAAAGGCCATGCCAGCGCCTCTCTGCCACAGATGGACCTGGCCAGGGAGGTAGGACAGGG\nCTGTGGATTAGTCCTGTGCGGAAACATAACAGGATGAAGGATGGTCTCTAGCTTCCTACTTTGAGATGCT\nGGCCAAACCAGGAGGCAGAGAGGGAGACCTTTCAAGGTGAATGCACTCAAAGGCGGAGTTGCTGGGGTTA\nTAAAGAACGATCTGGAGAAAACTCCAATTGTATGCTTTGTTTTGTTTTTTCTAAGATCTCCTCATGCGAT\nTGGAGATCTGAGACACGCTGGTTCACAACATAAGAGGACGGATTAAGCATTGATTTAGGAGATGGCCAAT\nCTGGGTCTGGGCCTAATCGGTTAGAGAAGGGATTTTTATTGTTGTTGTTGTTCTAATATTATTATATTTA\nTGAGCCCACGAACTACTTGGCTGCCACCCTGCCTGGAGTCAACTGCAGCACAAGATTTCTAAAACCCTAA\nAGAGGGAGTTCAAGTTCCGTTTGCTGCCTCCACATCGCTGTGAAGTTCCTGGCGACATCTCATATGTAAA\nCTCTAAATGCACATATTTAGCCAGCATGGGTGCTCCAGCAGGCTTGCCTACCGCTCTGTGAGCCTGTCAC\nTTTTGTCTGCCCCTTTCTTTCTCTAACTATGGCAGCTATTGGCCTGAAGCTGAAGTTTCAGCCGGGTGGG\nAAGCTCACTGGACACTTCCCAGCTGCGGAGATTGGGCTTGGTGTTTGTTTGCTCCGAGAAAACTCAGTTG\nAGGCTATGCAGAGTTCAGTGGGTTATCACGCACTTCTGGCTTGATTTGTGGCTACTCTGGTTCAGTGACT\nTAAAAAGAAACAAGTGGCCTGGCTAGACAGGAACCAGTTGAGACCTTGCCACGGCGGGAGGAAGCAGAGG\nTAACCAGATTGCAAGCATCTTTATATTTCTCTCTTACAGGAAAGACATTTCCCTTGGGATGCTGTTGGCT\nGGTGATTGCTCACAGTCCCCGACGCAGGTCAACCCCACCCCTGGCAGCATCTCAGCTGCTTTCTGTCTAG\nCTAGGCCACTGCGAAGATACCTTGGGCGGCTGTGTCACCTCCTCAGACCTTTGAGCCTCTAATTCACTGG\nACTTGCCTTAAGACGTTTCCTGTAATTTATCACACACACACACACACACACACACACACAGAGAGGGGGG\nGGTAGTGGGGGAGAGAGGGGGAAATAATAACAACATAAAATATAAGAAAGACCATTGGTGTCTGATGAAT\nGACAGAGAAAAGCTGCAGTGTCAGATCTGGGTCCTAGGAAGGTGGCCAGCCCTACCCGTAAGGATGACTT\nCTCTACGGTCTGTGAAGACTCAGAACCATGGCCCTGTGAACAAATGAACAAGCCACACTTTGTCAAGCTT\nCTTTCCAAAGGAACCAGGGTATAGATATTTTTAACTGGGTATCACGTAAAGTCTCTGTTTTGGAATTTAT\nTTTTTTTGTGCAGCAATTTAAGTATTCCAAAGTCCTTCTGGGTCTGCAGGCTAAACGAAATCTGGTCACC\nAAATACAGCCTGCTGATACTTAGCTTAGACGAAATGAAAACATTCTGCATGTAAGGTGGTTTCTGATCCA\nTTACTCCGTTTATGTGTCCGTCTGTCTGTCTGTCTGTCTGTCCATTGTGGGAGGGGAGAGGAGGTACTTG\nACCACCCCAAGCCATCCTGTCCTTTCATATCTCGTGTCCTGGGATGGAAGTAACCCTGACACCCCGCATT\nCCGGGAGAACCAGGAGTGCCACAGTAGAGGGAACACAGGCCTTAGGCGACAGGTGGTGTCTTCTCAGCCA\nGCTCCGAGTTCACTTCGTCCCCCTAAGCAAGTCACTTGGCTTTGGTAGTCTTTCCAGTCTCCACCTTCCT\nTCCAAATTCAATATTCCCTGTAGGCACCTTAGCCCCCTTTTGAAAACGGAGTGGAATATCAGAAAGGGAA\nAAAAAAAAAGACTACAAGAAAATCTATTAGTTTCTTGACTCCAGCTCAAAGCCCAGCCAAGTTTGAGGTA\nAGCACCCCACAACAGAAAACTCCCCCTCGTGGAGTGGAGTGGTTGGCACAGCCCACCTCAGGGACACTCA\nAGGGAAGGGAGCAAAACCCAAGGACGGCAGTCACCCCTGCCATACTCACCACGGAAACAAGCTATGTGGC\nCCCGAACATTGTGCCAAGAATCCTGGTGGCTGAAGGAGCCATGCCATTGTGGGCAGACACTGAGGCTCCC\nAGAAAACAAGCAAAGGCGAGGCCTGGAAGCTACAGTGGAGACAGGTCGTCATGACCTTCCCTCCCAGACC\nAGGACCAAAACTGGCCACTGGACAAGCCATCATCTCTGTCCAGCTGTCCCTCAAGAAGCAAGACCACACC\nTTTGCCAGAATGGGTCTGGTGCTGTTTCTTCCATCAACATCTATTGAGCACCACTTGTATGCCCAGATGG\nTGTTGGACATTGTATGGATGGTGTAGACAGCACTTGGGCCTCCGTAAGTGCTAAATGAGGCCAGGGAATG\nGATGGCTAGGCCTGAACATGAGCATGCTCTCAAGGGAATGCAAGCCTAGAAGTACCTTGTACATTTAGGA\nGAAAAATGCTAGATCCAAGAGCCTGTGTGTGTGTGTGTGTGTACTTGTGCAGGCATACTTGTAATGTGCA\nTTGTGGTGGGGGTTATGCACATGCACTATGGGCAGAAGACATAGGACAACCTCTCCTGTCAATCTTGAGA\nAACTATTTGCCTGTGTTTGCTTGTTTGTTTGTTTGTTTGTTTGTTTGTTTGTTTTTGAGACAGAATCTCT\nCACTGGCCTGGAACTCACCAAGCAGATTAGACTGGCCACTGCGGTTATGAGTCTACACCACCACCTGGCT\nTGTTAAGTGTGGGTTCTAGGAACCAGACTTAAGTCCTTATGCTTGCAAGGTAGCAGCTTTACTGACTGAG\nCCATCTCCACAGCCCTGAGTAGTCACATTACGGCTCTTGTGTATGCACTTGTGTACGTGTGTTCACTGCT\nAGAAGGAAGGCCACTGACAGCTACCAACAACCCACACCTTCTCCATTGCTTCTTTAAGACAAGGTCTCTC\nACCAAGTAGAGATGCTGGGATGACAGTAACCCTGGAGTTCTTCATTCCAGGAGAAACAGGAATTGCCACA\nGTAGAGACAACTCAGGCGTCTCTGGCTTACTGGCTCCCTAGCCGTCATTCTCCAGAGAAGCAAAGGACAG\nAGTCAGAATGCCTGCACAGACCAATAGTGGGGCTTCCTTGCTTACCGATAACCAGGTAGCAATGTGCCTG\nAGCCACCGAATTCTGATGAGATCAGTACAGAGACCTGCAGGGAGCCTGACATTTTCTGAGCCTCTGGGCA\nGAGTTGGTTGTTTAAATCAGGTGTCCTGAGATGGCGCAGAAGGAGGGAAATAACATACAATCGTAGCGGT\nGATGTTTTGGGGCCTGTAATGTGGTGAGGAACATTCACCTCAGAGGACCCGATGGGAAACGGATACTTTT\nAACCACTCACATGGCACAACTGTCCTGTCCTCTAGCCTCTAGTGCTTCCTTCCCATTCTCCTCAACCCCA\nGGATGCATGACCTCACCGATGCTGTAGCCAGAAAGGGATGGAGAGAGAGGAGATGCTGAGATGCCTTGTT\nTTCCTGTTTCCTGTTTGCTTCCTGGCATCTTCTCGTTTCTCAGGGACCTCTTAGCTCCAGGGAGCACATT\nTGCTGCCACCCAGGAGGAAAGACAGTGGCCAAAGGCAGCTCAAAGAGAAGGAAGAGTCACAGCCAGGAAC\nCAGGGCAGGACAAGATCCAGACTCTGTTAGTTACCACCTCTATGCCCACAGACAGGTCACATGGCCTCTG\nTGTGCCATGGGGAAATGGGGGGGGGGGGTACAGGTCCTAGTGCCTCACTTGGCCTACAAAGTAATTGGAA\nGCACTAAATGAGGCCCAGTATGGGGAGCATGCAACACAGGAGTCTGATAAGGGTAGTGTAGCTACTGTTC\nTGATTAAGAAAGGTAGCCAGGGATAGTCCCTGGAAGTATTTTGCATGGGCTGCAACACATTATGCCTCTC\nAAAAATGTGTATGTTAAAACTTAAAAAACAAACAAACAAACAAACAAACAAACAATGAGATAGTAACAAA\nAGACAAAGACGAAGGAACTGCTGAAGTCTAGAATCCACTCTAGTTTCGTCTTGTTTGTTTTGGTACGATG\nTCTCACTCGCCAGGACTGTCAGATATCGGCCAGCCTGTTTTCCGAGTGATGGGATTAAAGATGTGTGCCT\nCTACGCCCAGCTAGGGCTCTACTCCCACTGAAGGAATAGTGCCCTTCAAAGAGGGAAGGGATGGCCTAGC\nAAGGTCTTTCCTACCCTCCTGGCTCATGAAGACGGAACAAGGAAGCAACTGTCTTACCTGTTTGTTGTTT\nGTTTCTGACAGGGTCTCAAGTATGGAAAATCAGCCTTGAATCCTTACCTAGCCAAAGACGACCAAAGTAC\nCTCATCCTACTGCTTCTGCTTCCCCAGCGCTGGGATTCGATGCGTGCTAGGCCATACCAAAAGGCAGCAC\nCTCAGAAGTAAAGACCAGACCCCTACCACATGCCACAACTCTCAGCTCACTGTCTGTGGACTTCTTGCTC\nTCCAGAAGTGTGAGAAATACTGTCGTATTGCCTTGGTCTTTGGTGTTTGGTTTTAACAAGTCCAAAGGGA\nCCAAGACAGTTGCTAGGTTCCTGACTGTCAGGGTAGAAATCCACACTGGTCAGCCTGCAGACCAGTGTTT\nGGAAACACGGGCTCTCTTCCCAGAAAATGAGATGAAATGAAAGACAATAAAATAAGAGATGGATGGAGTG\nTAGCTCAGTTGGTGGAGTGCTAGACTGGCATTCAGGAGCCCCTGGGTTTGATCCCCTGCATGACATAAAG\nCCAGCATGGTGGACAGGCCTATAATATCAGTGTGTGGAAGACGGAAGCAAGAGGATCGGAAGTTCAAGGT\nCAACCATAGCTGCAGGATGAGTTCAAGGGAAACCTAGGATGCATGGGCGCATGTCTGCAAAAATAAATAC\nAAAATAACAATAAAGAGAAGCTGCCTCCCTTAGAGATAGAGGCACAGTATCAGAGATTTTAGTATAGGAC\nTCTTTTGGGTAACATGGCCTCCTGTGGATGCAGTATAGAGTTTATAAACAGGTGTTTGGGTAGCACTTCT\nGGACTGCCATTCTCCTTCCCCTCACTGTCTGATTCTGCAGAGTAGGTGACAGCCTCACTTGACACAGACA\nAGCAGATCAATGCTCAAAGGTCTTAAATAAGTTACCCCCAAAGCCAACCCACAAGAAGGAAGCCTGGCCT\nCGCCCACAGCCAAGAAATCTGGTGAGCCTCAGTGTGAGTTATTAGGCTTGGAGACCCTGGAGGATGGTGG\nGAAACCCTGGAGGATGGGACCTGATTTTCCTTTGTGCATCCCTGAATACTCTGTTAATATGTTGAACTGG\nAATGACCTTCACCAAAAGCTCTTTAGAAGTAGATGGTTAGAACACATATGTGTGTGTGTGTGTGTGTGTG\nTGTGTGTGTGTGTGTGTGTGTGTGTGTGTGTGTGCGAGAGAGAGAGAGAGAGAGAGAGAGAGAGAGAGAG\nAGATCCTTCAAATAGCTATCAGAAATGTTTACCTAGATGGTAGCCTCTGGGCAGTTGTTGAGTACAGCCT\nCGAGTTTAAGCTCCAGAGAGAACATAATTCACTTGCAACTCCAAATGTTTCTTGGAAAACTCTAACTGTC\nCTCCTTGGAGATGATTAGAGGTGTGAGTCTGCAACCCAATCCCAGAGCTGTACAATCAGATCTGAGTTTT\nCACTGGGTCTTCTCCACATGGGTCCTGTCCACCAAGGTCTGAGAAGTACTAGAAACTGGAGCAACTGAAC\nGGACCCTGCTGTTGGCTCTTGTACCAATTGTGAACTCTAAAACTGCTCAGTGAGGGTGTGGTACGCTTTC\nAGACCCTAGGCTTCTTCCAGGGGAAAAGGTACTGGATTGTCCTCTGCCCCGTGGGCTGGCAGCATCCATG\nTTCCAACTCAAGAAGGATGCTGGGGAAAAATCCTGTCCCCGTCAAGAGACGTTAAACTGTGGGAGAACAC\nGGGGTTTTGTAAATGTATGACCTTCTGCCTAGGTCAGCGGACCTCAATTCATGAACACTGGCAACATCTG\nGAGACAGTTTGGGTTGTTCCAGCTAGGGAAAGTGTCAGGCATCTAAGGAGCAGAGTGGTCAGGGATGCTG\nGCTTCCCCTCACTGGCTACTGTCTGTCACTAGGCTTCTACTCAGATCAGAGCAGGGGAGATGAATATATT\nAGATTTAGTGAGAACGGAGAGTTTTAAGACTCATGAGAAACTTCAGCTGCTTCTTCTCCTAAGTACAGAA\nAACAGTTGAAGACTCCAGGAGAAAGGTGGGGGGGGGGGGAGAGTAGACCTGATGACTTGAAAAAAGAGAG\nCTGTGAAGAGAAGAATCCAAACGCCAAAGCTCAGAGAGTATAGACACACACTTTATTCAGGACACATGAT\nACTTTCTTATTCATAAGAAAGACCTAAATAGCCCCCACCGTCTTTCTGCTCTGTCCTTTTCCCTCCTTGC\nCTATTTCCCAAACTCTTTGAAATGTAGGTATAAATGAGAAAAACAATCAATTTGGTTTTCCTAAAGAGAC\nTTTAAGAAGAGATATGTGAAGTCCACTGGAGTCCACTGGAGGTGGACACACCATCAGCATCTCAAGAAAG\nGGATGCTGGAGGGGCCCCAGAAAGTGTTTCTGACGATAGGACCTCCTCTCCCCTCCGCTCGCTTGGCTGG\nGGGTTCGCTGGACTGGGAAGGGAATGATACCTTTCCAATCACCTTGTCCCTGGAACTTCTCGGGGTGCTT\nCTTCTATTGGGGATTTAGAACGAGAGAGGGGCATTG', 'ADN', 318810, NULL, 2, 2);

COMMIT;

